<!--
The whole model is a person standing on the segwey, holding the handle of the Segway.
Segway can move freely on the grid floor.

There is no fixed connection between people and Segway, only the handle of Segway is held by hand.

The environment is a park with various obstacles.
-->




<mujoco model="unicycle">
    <default>

        <default class="unicycle">
          <geom contype="1" conaffinity="1" type="mesh" />
        </default>

    </default>

    <asset>
        <texture type="skybox" builtin="gradient" rgb1="0.3 0.5 0.7" rgb2="0 0 0" width="512" height="512"/>

        <texture name="texplane" type="2d" builtin="checker" rgb1="0 0 0" rgb2="0.9 0.9 0.9" width="512" height="512" mark="cross" markrgb=".8 .8 .8"/>

        <texture name="texgeom" type="cube" builtin="flat" mark="cross" width="127" height="1278" rgb1="0.8 0.6 0.4" rgb2="0.8 0.6 0.4" markrgb="1 1 1" random="0.01"/>

        <material name="matplane" reflectance="0.3" texture="texplane" texrepeat="10 10" texuniform="true"/>
        <material name="matgeom" texture="texgeom" texuniform="true" rgba="0.8 0.6 .4 1"/>

	<!--.stl file for environment-->
	<mesh name="planttree" file="planttree.stl" scale="0.5 0.5 0.5" refquat="0 0 0 0"/>
	<mesh name="plant_stand" file="plant_stand.stl" scale="0.5 0.5 0.5" refquat="0 0 0 0"/>
	<mesh name="plant_stand_middle" file="plant_stand_middle.stl" scale="0.5 0.5 0.5" refquat="0 0 0 0"/>
	<mesh name="floor" file="floor.stl" scale="2.3 3 0.5" refquat="0 0 0 0"/>


	<mesh name="Dog" file="Dog.obj" scale=".04 .04 .04"/>
	<mesh name="bridge" file="bridge.stl" scale="2 1 0.5" refquat="0 0 0 0"/>
	<mesh name="stone3Rock_15_Low" file="stone3Rock_15_Low.stl" scale="1.3 1.3 1.3" refquat="0 0 0 0"/>
	<mesh name="stone1Rock_18_low" file="stone1Rock_18_low.stl" scale="1.3 1.3 1.3" refquat="0 0 0 0"/>
	<mesh name="ramp" file="ramp.stl" scale="0.8 0.5 0.12" refquat="0 0 0 0"/>

	<mesh name="seesaw_pole1" file="seesaw_pole1.stl" scale="0.5 0.5 0.5" refquat="0 0 0 0"/>
	<mesh name="seesaw_pole2" file="seesaw_pole2.stl" scale="0.5 0.5 0.5" refquat="0 0 0 0"/>


	<!--.stl file for segway-->
	<mesh name="CoconutHalf" file="CoconutHalf.obj" scale=".001 .003 .002" refquat="0 1 1 0"/>
	<mesh name="CoconutHalfm" file="CoconutHalfm.obj" scale=".0005 .0017 .0006" refquat="0 1 1 0"/>
	<mesh name="Tire" file="Tire.obj" scale=".015 .02 .02" refquat="1 0 0 1"/>

	<!--.stl file for clothing-->
	<mesh name="model_shirt_010" file="model_shirt_010.stl" scale="1.1 1.1 1" refquat="0 0 0 0"/>
	<mesh name="Model_new_trousers" file="Model_new_trousers.stl" scale="0.85 1 1" refquat="0 0 0 0"/>
	<mesh name="Model_left_shoe" file="Model_left_shoe.stl" scale="1.2 1 1.2" refquat="0 0 0 0"/>
	<mesh name="model_right_shoe" file="model_right_shoe.stl" scale="1.2 1 1.2" refquat="0 0 0 0"/>



	<!--.stl file for person-->
	<mesh name="model_hair" file="model_hair.stl" scale="1 1 1"/>
	<mesh name="model_head" file="model_head.stl" scale="1 1 1"/>
	<mesh name="model_left_eye" file="model_left_eye.stl" scale="1 1 1"/>
	<mesh name="model_left_pupil" file="model_left_pupil.stl" scale="0.7 0.7 0.7" refquat="1 0 0 1"/>
	<mesh name="model_right_eye" file="model_right_eye.stl" scale="1 1 1"/>
	<mesh name="model_right_pupil" file="model_right_pupil.stl" scale="1 1 1"/>
	<mesh name="model_upper_torso" file="model_upper_torso.stl" scale="1 1 1"/>
	<!--model_left_arm-->
	<mesh name="model_left_arm" file="model_left_arm.stl" scale="1 1 1" refquat="3 -1 1.1 3"/>
	<mesh name="model_left_forearm" file="model_left_forearm.stl" scale="1 1 1" refquat="1 -1 0 1"/>
	<mesh name="model_left_palm" file="model_left_palm.stl" scale="1 1 1" refquat="1 0 0 1"/>
	
	<!--model_right_arm-->
	<mesh name="model_right_arm" file="model_right_arm.stl" scale="1 1 1" refquat="1.1 0.1 0.1 -1"/>
	<mesh name="model_right_forearm" file="model_right_forearm.stl" scale="1 1 1" refquat="1 -1 0 -1"/>
	<mesh name="model_right_palm" file="model_right_palm.stl" scale="1 1 1" refquat="1 0 0 -1"/>
	
    </asset>



<worldbody>
	<geom name="floordown" mesh="floor" class="unicycle" pos="3 -20 -1.3" rgba="0.545 0.27 0.0745 1"/>
        <geom name="floorup" pos="2 -20 -0.8" size="20 25 .05" type="box" rgba="0.3 0.3 0.3 0"/>
        <light directional="false" diffuse="1 1 1" specular="0 0 0" pos="0 0 100" dir="0 0 -1" castshadow="false"/>
        <light mode="targetbodycom" target="unicycle" directional="false" diffuse=".8 .8 .8" specular="0.3 0.3 0.3" pos="0 0 4.0" dir="0 0 -1"/>



	
	<body name="planttree1" pos="9 -35 -.75" euler="0 0 0">

		<geom name="planttree1" mesh="planttree" class="unicycle" pos="0 0 0" rgba="0 .9 0 1"/>
		<geom name="plant_stand1" mesh="plant_stand" class="unicycle" pos="0 0 0" rgba=".9 .9 .9 1"/>
		<geom name="plant_stand_middle1" mesh="plant_stand_middle" class="unicycle" pos="0 0 0" rgba="0.6 0.55 0.4 1"/>		
	</body>

	<body name="planttree2" pos="-5 -35 -.75" euler="0 0 0">

		<geom name="planttree2" mesh="planttree" class="unicycle" pos="0 0 0" rgba="0 .9 0 1"/>
		<geom name="plant_stand2" mesh="plant_stand" class="unicycle" pos="0 0 0" rgba=".9 .9 .9 1"/>
		<geom name="plant_stand_middle2" mesh="plant_stand_middle" class="unicycle" pos="0 0 0" rgba="0.6 0.55 0.4 1"/>		
	</body>

	<body name="planttree21" pos="9 -5 -.75" euler="0 0 0">

		<geom name="planttree21" mesh="planttree" class="unicycle" pos="0 0 0" rgba="0 .9 0 1"/>
		<geom name="plant_stand21" mesh="plant_stand" class="unicycle" pos="0 0 0" rgba=".9 .9 .9 1"/>
		<geom name="plant_stand_middle21" mesh="plant_stand_middle" class="unicycle" pos="0 0 0" rgba="0.6 0.55 0.4 1"/>		
	</body>

	<body name="planttree22" pos="-5 -5 -.75" euler="0 0 0">

		<geom name="planttree22" mesh="planttree" class="unicycle" pos="0 0 0" rgba="0 .9 0 1"/>
		<geom name="plant_stand22" mesh="plant_stand" class="unicycle" pos="0 0 0" rgba=".9 .9 .9 1"/>
		<geom name="plant_stand_middle22" mesh="plant_stand_middle" class="unicycle" pos="0 0 0" rgba="0.6 0.55 0.4 1"/>		
	</body>
	<body name="planttree31" pos="13 -20 -.75" euler="0 0 0">

		<geom name="planttree31" mesh="planttree" class="unicycle" pos="0 0 0" rgba="0 .9 0 1"/>
		<geom name="plant_stand31" mesh="plant_stand" class="unicycle" pos="0 0 0" rgba=".9 .9 .9 1"/>
		<geom name="plant_stand_middle31" mesh="plant_stand_middle" class="unicycle" pos="0 0 0" rgba="0.6 0.55 0.4 1"/>		
	</body>

	<body name="planttree32" pos="-9 -20 -.75" euler="0 0 0">

		<geom name="planttree32" mesh="planttree" class="unicycle" pos="0 0 0" rgba="0 .9 0 1"/>
		<geom name="plant_stand32" mesh="plant_stand" class="unicycle" pos="0 0 0" rgba=".9 .9 .9 1"/>
		<geom name="plant_stand_middle32" mesh="plant_stand_middle" class="unicycle" pos="0 0 0" rgba="0.6 0.55 0.4 1"/>		
	</body>

	<geom name="Dog" mesh="Dog" class="unicycle" pos="10 -9 -.75" rgba="0.9 0.9 0.7 1"/>
	<geom name="ramp" mesh="ramp" class="unicycle" pos="0 -5 -0.8" rgba="0 0 0.7 1"/>
        <geom name="rampfloor" pos="0 -5 -0.5724" size="1.09 0.92 0.01" type="box" rgba="0 0 0.7 1"/>


	<body name="seesawAll" pos="-1.8 25 -.15" euler="0 0 0">
		<geom name="seesaw_pole1" mesh="seesaw_pole1" class="unicycle" pos="-2 -40 -0.8" rgba="0.7 0 0 1"/>
		<geom name="seesaw_pole2" mesh="seesaw_pole2" class="unicycle" pos="2 -40 -0.8" rgba="0.7 0 0 1"/>

		<body name="seesaw" pos="0 0 -0.35" euler="0 0 0">
			<joint name="seesaw" type="hinge" limited="true" pos="0 -40 0" axis="1 0 0"  range="-60 60" stiffness="1" armature="0.0068" />
			<geom name="seesaw" type="box" size="2.7 4 0.0005" pos="0 -39.95 0" rgba=".9 0 0 1"/>
		</body>
	</body>
		
	<body name="stone3Rock_15_Low1" pos="8 -30 -.55" euler="0 0 0">
		<geom name="stone1Rock_18_low1" mesh="stone1Rock_18_low" class="unicycle" pos="0 15 0" rgba="0.5 0.5 0.5 1"/>
		<geom name="stone3Rock_15_Low2" mesh="stone3Rock_15_Low" class="unicycle" pos="-0.5 11 0" rgba="0.5 0.5 0.5 1"/>
		<geom name="stone3Rock_15_Low3" mesh="stone3Rock_15_Low" class="unicycle" pos="-4 15 0" rgba="0.5 0.5 0.5 1"/>
		<geom name="stone1Rock_18_low3" mesh="stone1Rock_18_low" class="unicycle" pos="-7 7 0" rgba="0.5 0.5 0.5 1"/>
	</body>

	
	<!--horizontal bar-->	
	<body name="bar" pos="0 -13 0" euler="0 0 0">
		<geom name="bar1" type="cylinder" fromto="5 -13 -1 5 -13 3"  size="0.05" rgba="0 0 0.7 1"/>
		<geom name="bar2" type="cylinder" fromto="5 -16 -1 5 -16 3"  size="0.05" rgba="0 0 0.7 1"/>
		<geom name="barq1" type="cylinder" fromto="5 -13 2.8 5 -16 2.8"  size="0.03" rgba="0.9 0.9 0.7 1"/>


		<geom name="bar3" type="cylinder" fromto="2 -14 -1 2 -14 3"  size="0.05" rgba="0 0 0.7 1"/>
		<geom name="bar4" type="cylinder" fromto="2 -17 -1 2 -17 3"  size="0.05" rgba="0 0 0.7 1"/>
		<geom name="barq2" type="cylinder" fromto="2 -14 2.8 2 -17 2.8"  size="0.03" rgba="0.9 0.9 0.7 1"/>


		<geom name="bar5" type="cylinder" fromto="7 -14 -1 7 -14 2.3"  size="0.05" rgba="0 0 0.7 1"/>
		<geom name="bar6" type="cylinder" fromto="7 -17 -1 7 -17 2.3"  size="0.05" rgba="0 0 0.7 1"/>
		<geom name="barq3" type="cylinder" fromto="7 -14 2.1 7 -17 2.1"  size="0.03" rgba="0.9 0.9 0.7 1"/>
	</body>

	<!--Flag-->	
	<body name="Flag" pos="0.5 -5 0" euler="0 0 0">
		<geom name="barf1" type="cylinder" fromto="5 -11 -1 5 -11 3"  size="0.05" rgba="0.9 0.9 0.7 1"/>
		<geom name="barf2" type="cylinder" fromto="7 -11 -1 7 -11 3"  size="0.05" rgba="0.9 0.9 0.7 1"/>
		<geom type="box" pos="6 -11 2.5" size="1 0.01 0.5" material="matplane" condim="3"/>


	
	</body>









	<body name="person" pos="-1.88 0.05 0" euler="0 0 0">
 	<camera name="side" pos="-4 0 1.5" xyaxes="0 -1 0 1 0 6" mode="trackcom"/>
        <camera name="front" pos="2 -3 1.8" xyaxes="1 0 0 0 1 2" mode="trackcom"/>
        <camera name="egocentric" pos="-2 0.05 0" xyaxes="0 -1 0 .1 0 1" fovy="80"/>
		<joint type="free"/>
		<geom name="model_hair" mesh="model_hair" class="unicycle" pos=".03 .015 -.135" rgba="0 0 0 1"/>
		<geom name="model_head" mesh="model_head" class="unicycle" pos=".03 .015 -.135" rgba=".988235 .878431 .796078 1"/>
		<geom name="model_left_eye" mesh="model_left_eye" class="unicycle" pos=".03 .015 -.135" rgba=".9 .9 .9 1"/>
		<geom name="model_left_pupil" mesh="model_left_pupil" class="unicycle" pos="1.906 1.35 0.208" rgba=".1 .1 .1 1"/>
		<geom name="model_right_pupil" mesh="model_left_pupil" class="unicycle" pos="1.81 1.35 0.208" rgba=".1 .1 .1 1"/>

		<geom name="model_right_eye" mesh="model_right_eye" class="unicycle" pos=".03 .015 -.135" rgba=".9 .9 .9 1"/>
		<geom name="model_upper_torso" mesh="model_upper_torso" class="unicycle" pos="0 0 0" rgba=".988235 .878431 .796078 1"/>
		<geom name="model_shirt_010" mesh="model_shirt_010" class="unicycle" pos="-1.148 -0.1 0" rgba="0 0 0 1"/>
		<geom name="Model_new_trousers" mesh="Model_new_trousers" class="unicycle" pos="1.871 0.18 -0.78" rgba="0 0 0.9 1"/>
		<geom name="Model_left_shoe" mesh="Model_left_shoe" class="unicycle" pos="1.82 0.18 -0.56" rgba="0.9 0.9 0.9 1"/>
		<geom name="model_right_shoe" mesh="model_right_shoe" class="unicycle" pos="1.922 0.18 -0.56" rgba="0.9 0.9 0.9 1"/>



			<body name="model_left_arm1" pos="1.93 0.062 -.878" euler="0 0 0">
				<!--joint name="shoulder_ry" type="hinge" limited="true" pos="-.25 0 .6" axis="0 1 0"  range="-60 60" stiffness="1" armature="0.0068" /-->

                                <geom name="model_left_arm" type="capsule" fromto="0.155 0.12 1.399 0.12 0.12 1.68"  size="0.043" rgba=".988235 .878431 .796078 1"/>


				<body name="model_left_arm2" pos="0 0 0" euler="0 0 0">

					<geom name="model_left_forearm" mesh="model_left_forearm" class="unicycle" pos="0.5 1.55 1.26" rgba=".988235 .878431 .796078 1"/>
					<body name="model_left_arm3" pos="0 0 0" euler="0 0 0">
						<joint name="left_palm" type="hinge" limited="false" pos="0.1 -0.03 1.25" axis="1 0 0" />

						<geom name="model_left_palm" mesh="model_left_palm" class="unicycle" pos="0.04 0.73 -0.14" rgba=".988235 .878431 .796078 1"/>

						<body name="1finger4" pos="-0.618 -0.22 -0.405" euler="0 0 0">
                                			<geom name="1finger41" type="capsule" fromto="0.68 0.145 1.645 0.69 0.12 1.588"  size="0.014" rgba=".988235 .878431 .796078 1"/>

                               
						</body>


							<body name="1finger1" pos="-0.618 -0.22 -0.405" euler="0 0 0">
								<joint name="1finger1" type="hinge" limited="true" pos="0.35 0.09 1.67" axis="1 0 0"  range="-60 60" stiffness="100" armature="0.0068" />

                                				<geom name="1finger11" type="capsule" fromto="0.7 0.085 1.615 0.7 0.085 1.654"  size="0.012" rgba=".988235 .878431 .796078 1"/>
                                				<geom name="1finger12" type="capsule" fromto="0.72 0.085 1.615 0.72 0.085 1.658"  size="0.012" rgba=".988235 .878431 .796078 1"/>
                                				<geom name="1finger13" type="capsule" fromto="0.74 0.085 1.615 0.74 0.085 1.656"  size="0.012" rgba=".988235 .878431 .796078 1"/>
                                				<geom name="1finger14" type="capsule" fromto="0.76 0.085 1.615 0.76 0.085 1.652"  size="0.012" rgba=".988235 .878431 .796078 1"/>
						
								<body name="1finger2" pos="0 0 0" euler="0 0 0">
									<joint name="1finger2" type="hinge" limited="true" pos="0.35 0.09 1.61" axis="1 0 0"  range="-60 60" stiffness="100" armature="0.0068" />

                                					<geom name="1finger21" type="capsule" fromto="0.7 0.115 1.6 0.7 0.085 1.615"  size="0.012" rgba=".988235 .878431 .796078 1"/>
                                					<geom name="1finger22" type="capsule" fromto="0.72 0.115 1.6 0.72 0.088 1.615"  size="0.012" rgba=".988235 .878431 .796078 1"/>
                                					<geom name="1finger23" type="capsule" fromto="0.74 0.115 1.6 0.74 0.088 1.615"  size="0.012" rgba=".988235 .878431 .796078 1"/>
                                					<geom name="1finger24" type="capsule" fromto="0.76 0.115 1.6 0.76 0.088 1.615"  size="0.012" rgba=".988235 .878431 .796078 1"/>

									<body name="1finger3" pos="0 0 0" euler="0 0 0">
                                						<geom name="1finger31" type="capsule" fromto="0.7 0.135 1.61 0.7 0.115 1.6"  size="0.012" rgba=".988235 .878431 .796078 1"/>
                                						<geom name="1finger32" type="capsule" fromto="0.72 0.135 1.61 0.72 0.115 1.6"  size="0.012" rgba=".988235 .878431 .796078 1"/>
                                						<geom name="1finger33" type="capsule" fromto="0.74 0.135 1.61 0.74 0.115 1.6"  size="0.012" rgba=".988235 .878431 .796078 1"/>
                                						<geom name="1finger34" type="capsule" fromto="0.76 0.135 1.61 0.76 0.115 1.6"  size="0.012" rgba=".988235 .878431 .796078 1"/>

										

									</body>


								</body>

							</body>


					</body>

				</body>

			</body>

				








			<body name="model_right_arm1" pos="0 0 0" euler="0 0 0">
				<!--joint name="shoulder_ly" type="hinge" limited="true" pos=".25 0 .6" axis="0 1 0"  range="-60 60" stiffness="1" armature="0.0068" /-->

                                <geom name="model_right_arm" type="capsule" fromto="1.66 0.18 0.535 1.68 0.18 0.8"  size="0.043" rgba=".988235 .878431 .796078 1"/>

				<body name="model_right_arm2" pos="0 0 0" euler="0 0 0">

					<geom name="model_right_forearm" mesh="model_right_forearm" class="unicycle" pos="1.2 0.92 -0.14" rgba=".988235 .878431 .796078 1"/>

					<body name="model_right_arm3" pos="0 0 0" euler="0 0 0">
						<joint name="right_palm" type="hinge" limited="false" pos="1.65 0.05 0.38" axis="1 0 0" />

						<geom name="model_right_palm" mesh="model_right_palm" class="unicycle" pos="1.78 0.78 -0.645" rgba=".988235 .878431 .796078 1"/>

						<body name="2finger4" pos="0.99 -0.158 -1.275" euler="0 0 0">
                               				<geom name="2finger41" type="capsule" fromto="0.776 0.145 1.645 0.766 0.12 1.588"  size="0.014" rgba=".988235 .878431 .796078 1"/>

						</body>

						<body name="finger2" pos="0.99 -0.158 -1.275" euler="0 0 0" >
							<joint name="2finger1" type="hinge" limited="true" pos="1 0.09 1.66" axis="1 0 0" range="-60 60" stiffness="100" armature="0.0068"/>

                                			<geom name="2finger11" type="capsule" fromto="0.7 0.085 1.615 0.7 0.085 1.654"  size="0.012" rgba=".988235 .878431 .796078 1"/>
                                			<geom name="2finger12" type="capsule" fromto="0.72 0.085 1.615 0.72 0.085 1.658"  size="0.012" rgba=".988235 .878431 .796078 1"/>
                                			<geom name="2finger13" type="capsule" fromto="0.74 0.085 1.615 0.74 0.085 1.656"  size="0.012" rgba=".988235 .878431 .796078 1"/>
                                			<geom name="2finger14" type="capsule" fromto="0.76 0.085 1.615 0.76 0.085 1.652"  size="0.012" rgba=".988235 .878431 .796078 1"/>

							<body name="2finger2" pos="0 0 0" euler="0 0 0">
								<joint name="2finger2" type="hinge" limited="true" pos="1 0.09 1.62" axis="1 0 0"  range="-60 60" stiffness="100" armature="0.0068" />

                                				<geom name="2finger21" type="capsule" fromto="0.7 0.115 1.6 0.7 0.088 1.615"  size="0.012" rgba=".988235 .878431 .796078 1"/>
                                				<geom name="2finger22" type="capsule" fromto="0.72 0.115 1.6 0.72 0.088 1.615"  size="0.012" rgba=".988235 .878431 .796078 1"/>
                                				<geom name="2finger23" type="capsule" fromto="0.74 0.115 1.6 0.74 0.088 1.615"  size="0.012" rgba=".988235 .878431 .796078 1"/>
                                				<geom name="2finger24" type="capsule" fromto="0.76 0.115 1.6 0.76 0.088 1.615"  size="0.012" rgba=".988235 .878431 .796078 1"/>

								<body name="2finger3" pos="0 0 0" euler="0 0 0">
                                					<geom name="2finger31" type="capsule" fromto="0.7 0.135 1.61 0.7 0.115 1.6"  size="0.012" rgba=".988235 .878431 .796078 1"/>
                                					<geom name="2finger32" type="capsule" fromto="0.72 0.135 1.61 0.72 0.115 1.6"  size="0.012" rgba=".988235 .878431 .796078 1"/>
                                					<geom name="2finger33" type="capsule" fromto="0.74 0.135 1.61 0.74 0.115 1.6"  size="0.012" rgba=".988235 .878431 .796078 1"/>
                                					<geom name="2finger34" type="capsule" fromto="0.76 0.135 1.61 0.76 0.115 1.6"  size="0.012" rgba=".988235 .878431 .796078 1"/>
								</body>

							</body>
						</body>

					</body>
				</body>


			</body>

	</body>


   <body name="unicycle" pos="0 0.2 0.15">
        <joint type="free"/>

		<geom type="box" size=".01 .15 .07" pos=".23 0 -.67" rgba=".9 .9 0 1"/>
        	<geom type="box" size=".01 .15 .07" pos="-.23 0 -.67" rgba=".9 .9 0 1"/>
        	<geom type="box" size=".24 .15 .01" pos="0 0 -.75" rgba=".9 .9 0 1"/>
        	<geom type="box" size=".24 .01 .04" pos="0 .15 -.7" rgba=".9 .9 0 1"/>
        	<geom type="box" size=".24 .01 .04" pos="0 -.15 -.7" rgba=".9 .9 0 1"/>



        	<geom name="handaxie1" type="cylinder" fromto="0 -.15 -.75 0 -.2 0.2"  size="0.01" rgba=".9 .9 0 1"/>
        	<geom name="handaxie2" type="cylinder" fromto=".2 -.2 0.2 -.2 -.2 0.2"  size="0.01" rgba=".1 .1 .1 1"/>
        	<geom name="refpoint1" type="box" size=".002 .002 .002" pos="0 -.15 -.75" rgba=".9 0 0 1"/>
        	<geom name="refpoint2" type="box" size=".002 .002 .002" pos="0 -.2 0.2" rgba=".9 0 0 1"/>

		<geom name="CoconutHalfm" mesh="CoconutHalfm" class="unicycle" pos="0 0 -.7" rgba=".9 .9 0 1"/>


		<geom name="CoconutHalf1" mesh="CoconutHalf" class="unicycle" pos=".3 0 -.4" rgba=".9 .9 0 1"/>
		<geom name="CoconutHalf2" mesh="CoconutHalf" class="unicycle" pos="-.3 0 -.4" rgba=".9 .9 0 1"/>


		<body name="wheel1" pos=".3 0 0">
	
			<joint name="floor_wheel1" limited="false" pos="0 0 -0.65" axis="1 0 0"/>
        		<geom name="wheel1_axie" type="cylinder" fromto=".07 0 -0.65 -.07 0 -0.65"  size="0.006"/>
        		<geom name="refpoint3" type="box" size=".002 .002 .002" pos=".07 0 -0.65" rgba=".9 0 0 1"/>
	
			<geom name="wheel1" type="cylinder" fromto=".05 0 -.65 -.05 0 -.65"  size="0.15" rgba=".1 .1 .1 1"/>
			<geom name="Tire1" mesh="Tire" class="unicycle" pos="0 0 -.65" rgba="0 0 0 1"/>

			<geom type="box" size=".001 .005 .07" pos="-.05 0 -.56" rgba=".9 .9 .9 1"/>
			<geom type="box" size=".001 .005 .07" pos="-.05 0 -.737" rgba=".9 .9 .9 1"/>
			<geom type="box" size=".001 .07 .005" pos="-.05 .086 -.65" rgba=".9 .9 .9 1"/>
			<geom type="box" size=".001 .07 .005" pos="-.05 -.086 -.65" rgba=".9 .9 .9 1"/>

			<geom type="box" size=".001 .005 .07" pos=".05 0 -.56" rgba=".9 .9 .9 1"/>
			<geom type="box" size=".001 .005 .07" pos=".05 0 -.737" rgba=".9 .9 .9 1"/>
			<geom type="box" size=".001 .07 .005" pos=".05 .086 -.65" rgba=".9 .9 .9 1"/>
			<geom type="box" size=".001 .07 .005" pos=".05 -.086 -.65" rgba=".9 .9 .9 1"/>
	
		</body>

		<body name="wheel2" pos="-.3 0 0">
	
			<joint name="floor_wheel2" limited="false" pos="0 0 -0.65" axis="1 0 0"/>
        		<geom name="wheel2_axie" type="cylinder" fromto=".07 0 -0.65 -.07 0 -0.65"  size="0.006"/>
        		<geom name="refpoint4" type="box" size=".002 .002 .002" pos="-.07 0 -0.65" rgba=".9 0 0 1"/>

        		<geom name="wheel2" type="cylinder" fromto=".05 0 -.65 -.05 0 -.65"  size="0.15" rgba=".1 .1 .1 1"/>
			<geom name="Tire2" mesh="Tire" class="unicycle" pos="0 0 -.65" rgba="0 0 0 1"/>

			<geom type="box" size=".001 .005 .07" pos="-.05 0 -.56" rgba=".9 .9 .9 1"/>
			<geom type="box" size=".001 .005 .07" pos="-.05 0 -.737" rgba=".9 .9 .9 1"/>
			<geom type="box" size=".001 .07 .005" pos="-.05 .086 -.65" rgba=".9 .9 .9 1"/>
			<geom type="box" size=".001 .07 .005" pos="-.05 -.086 -.65" rgba=".9 .9 .9 1"/>

			<geom type="box" size=".001 .005 .07" pos=".05 0 -.56" rgba=".9 .9 .9 1"/>
			<geom type="box" size=".001 .005 .07" pos=".05 0 -.737" rgba=".9 .9 .9 1"/>
			<geom type="box" size=".001 .07 .005" pos=".05 .086 -.65" rgba=".9 .9 .9 1"/>
			<geom type="box" size=".001 .07 .005" pos=".05 -.086 -.65" rgba=".9 .9 .9 1"/>
	
		</body>

   </body> 


</worldbody>

<actuator>
	<motor name="floor_wheel1"     gear="200" joint="floor_wheel1" />
	<motor name="floor_wheel2"     gear="200" joint="floor_wheel2" />


</actuator>

</mujoco>